case,dof,dcoef,total_strain_energy,diagonal_stiffness
1,EX,D11,    0.3602819338E+00,    0.3561857972E+10
2,KY,D22,    0.3659893557E+00,    0.3618283300E+10
3,KZ,D33,    0.3659893557E+00,    0.3618283300E+10
4,GXY,D44,    0.2462253457E-01,    0.2434259473E+09
5,GXZ,D55,    0.2462253457E-01,    0.2434259473E+09
6,KX,D66,    0.4995053285E-01,    0.4938263257E+09
